date,actual_incidents,rf_predicted_walkforward,rf_forecast
2020-01-08,21.0,,
2020-01-09,31.0,,
2020-01-10,26.0,,
2020-01-11,27.0,,
2020-01-12,41.0,,
2020-01-13,29.0,,
2020-01-14,21.0,,
2020-01-15,20.0,,
2020-01-16,27.0,,
2020-01-17,40.0,,
2020-01-18,35.0,,
2020-01-19,32.0,,
2020-01-20,24.0,,
2020-01-21,24.0,,
2020-01-22,32.0,,
2020-01-23,27.0,,
2020-01-24,49.0,,
2020-01-25,33.0,,
2020-01-26,29.0,,
2020-01-27,24.0,,
2020-01-28,21.0,,
2020-01-29,19.0,,
2020-01-30,21.0,,
2020-01-31,40.0,,
2020-02-01,29.0,,
2020-02-02,26.0,,
2020-02-03,32.0,,
2020-02-04,21.0,,
2020-02-05,30.0,,
2020-02-06,23.0,,
2020-02-07,47.0,,
2020-02-08,42.0,,
2020-02-09,23.0,,
2020-02-10,24.0,,
2020-02-11,28.0,,
2020-02-12,34.0,,
2020-02-13,18.0,,
2020-02-14,37.0,,
2020-02-15,23.0,,
2020-02-16,44.0,,
2020-02-17,27.0,,
2020-02-18,29.0,,
2020-02-19,12.0,,
2020-02-20,21.0,,
2020-02-21,33.0,,
2020-02-22,29.0,,
2020-02-23,33.0,,
2020-02-24,27.0,,
2020-02-25,24.0,,
2020-02-26,19.0,,
2020-02-27,24.0,,
2020-02-28,33.0,,
2020-02-29,24.0,,
2020-03-01,21.0,,
2020-03-02,31.0,,
2020-03-03,27.0,,
2020-03-04,27.0,,
2020-03-05,15.0,,
2020-03-06,38.0,,
2020-03-07,42.0,,
2020-03-08,39.0,,
2020-03-09,20.0,,
2020-03-10,20.0,,
2020-03-11,27.0,,
2020-03-12,24.0,,
2020-03-13,28.0,,
2020-03-14,21.0,,
2020-03-15,7.0,,
2020-03-16,7.0,,
2020-03-17,4.0,,
2020-03-18,5.0,,
2020-03-19,5.0,,
2020-03-20,9.0,,
2020-03-21,8.0,,
2020-03-22,11.0,,
2020-03-23,12.0,,
2020-03-24,4.0,,
2020-03-25,4.0,,
2020-03-26,6.0,,
2020-03-27,14.0,,
2020-03-28,2.0,,
2020-03-29,9.0,,
2020-03-30,6.0,,
2020-03-31,4.0,,
2020-04-01,6.0,,
2020-04-02,8.0,,
2020-04-03,9.0,,
2020-04-04,10.0,,
2020-04-05,15.0,,
2020-04-06,11.0,,
2020-04-07,8.0,,
2020-04-08,4.0,,
2020-04-09,11.0,,
2020-04-10,9.0,,
2020-04-11,10.0,,
2020-04-12,11.0,,
2020-04-13,13.0,,
2020-04-14,6.0,,
2020-04-15,3.0,,
2020-04-16,5.0,,
2020-04-17,3.0,,
2020-04-18,6.0,,
2020-04-19,8.0,,
2020-04-20,8.0,,
2020-04-21,6.0,,
2020-04-22,7.0,,
2020-04-23,9.0,,
2020-04-24,7.0,,
2020-04-25,6.0,,
2020-04-26,12.0,,
2020-04-27,5.0,,
2020-04-28,7.0,,
2020-04-29,6.0,,
2020-04-30,5.0,,
2020-05-01,16.0,,
2020-05-02,4.0,,
2020-05-03,6.0,,
2020-05-04,9.0,,
2020-05-05,10.0,,
2020-05-06,5.0,,
2020-05-07,6.0,,
2020-05-08,12.0,,
2020-05-09,8.0,,
2020-05-10,10.0,,
2020-05-11,4.0,,
2020-05-12,4.0,,
2020-05-13,7.0,,
2020-05-14,5.0,,
2020-05-15,7.0,,
2020-05-16,7.0,,
2020-05-17,3.0,,
2020-05-18,7.0,,
2020-05-19,7.0,,
2020-05-20,2.0,,
2020-05-21,5.0,,
2020-05-22,5.0,,
2020-05-23,6.0,,
2020-05-24,6.0,,
2020-05-25,10.0,,
2020-05-26,4.0,,
2020-05-27,4.0,,
2020-05-28,2.0,,
2020-05-29,10.0,,
2020-05-30,3.0,,
2020-05-31,8.0,,
2020-06-01,10.0,,
2020-06-02,16.0,,
2020-06-03,14.0,,
2020-06-04,18.0,,
2020-06-05,18.0,,
2020-06-06,19.0,,
2020-06-07,16.0,,
2020-06-08,6.0,,
2020-06-09,17.0,,
2020-06-10,10.0,,
2020-06-11,13.0,,
2020-06-12,14.0,,
2020-06-13,16.0,,
2020-06-14,18.0,,
2020-06-15,11.0,,
2020-06-16,9.0,,
2020-06-17,14.0,,
2020-06-18,12.0,,
2020-06-19,15.0,,
2020-06-20,10.0,,
2020-06-21,20.0,,
2020-06-22,17.0,,
2020-06-23,12.0,,
2020-06-24,11.0,,
2020-06-25,18.0,,
2020-06-26,22.0,,
2020-06-27,19.0,,
2020-06-28,15.0,,
2020-06-29,14.0,,
2020-06-30,14.0,,
2020-07-01,8.0,,
2020-07-02,19.0,,
2020-07-03,20.0,,
2020-07-04,19.0,,
2020-07-05,17.0,,
2020-07-06,12.0,,
2020-07-07,10.0,,
2020-07-08,14.0,,
2020-07-09,15.0,,
2020-07-10,19.0,,
2020-07-11,12.0,,
2020-07-12,15.0,,
2020-07-13,15.0,,
2020-07-14,11.0,,
2020-07-15,20.0,,
2020-07-16,17.0,,
2020-07-17,19.0,,
2020-07-18,19.0,,
2020-07-19,23.0,,
2020-07-20,13.0,,
2020-07-21,14.0,,
2020-07-22,16.0,,
2020-07-23,12.0,,
2020-07-24,25.0,,
2020-07-25,13.0,,
2020-07-26,16.0,,
2020-07-27,12.0,,
2020-07-28,10.0,,
2020-07-29,12.0,,
2020-07-30,5.0,,
2020-07-31,16.0,,
2020-08-01,15.0,,
2020-08-02,19.0,,
2020-08-03,15.0,,
2020-08-04,13.0,,
2020-08-05,11.0,,
2020-08-06,8.0,,
2020-08-07,10.0,,
2020-08-08,16.0,,
2020-08-09,14.0,,
2020-08-10,14.0,,
2020-08-11,12.0,,
2020-08-12,10.0,,
2020-08-13,11.0,,
2020-08-14,16.0,,
2020-08-15,11.0,,
2020-08-16,12.0,,
2020-08-17,10.0,,
2020-08-18,13.0,,
2020-08-19,12.0,,
2020-08-20,7.0,,
2020-08-21,9.0,,
2020-08-22,8.0,,
2020-08-23,17.0,,
2020-08-24,8.0,,
2020-08-25,10.0,,
2020-08-26,10.0,,
2020-08-27,16.0,,
2020-08-28,17.0,,
2020-08-29,10.0,,
2020-08-30,14.0,,
2020-08-31,12.0,,
2020-09-01,15.0,,
2020-09-02,14.0,,
2020-09-03,13.0,,
2020-09-04,32.0,,
2020-09-05,21.0,,
2020-09-06,23.0,,
2020-09-07,11.0,,
2020-09-08,15.0,,
2020-09-09,14.0,,
2020-09-10,18.0,,
2020-09-11,22.0,,
2020-09-12,8.0,,
2020-09-13,30.0,,
2020-09-14,13.0,,
2020-09-15,16.0,,
2020-09-16,21.0,,
2020-09-17,21.0,,
2020-09-18,20.0,,
2020-09-19,20.0,,
2020-09-20,18.0,,
2020-09-21,28.0,,
2020-09-22,17.0,,
2020-09-23,21.0,,
2020-09-24,18.0,,
2020-09-25,19.0,,
2020-09-26,21.0,,
2020-09-27,34.0,,
2020-09-28,16.0,,
2020-09-29,20.0,,
2020-09-30,19.0,,
2020-10-01,23.0,,
2020-10-02,28.0,,
2020-10-03,18.0,,
2020-10-04,15.0,,
2020-10-05,13.0,,
2020-10-06,16.0,,
2020-10-07,18.0,,
2020-10-08,19.0,,
2020-10-09,31.0,,
2020-10-10,17.0,,
2020-10-11,25.0,,
2020-10-12,17.0,,
2020-10-13,23.0,,
2020-10-14,11.0,,
2020-10-15,25.0,,
2020-10-16,23.0,,
2020-10-17,32.0,,
2020-10-18,18.0,,
2020-10-19,16.0,,
2020-10-20,18.0,,
2020-10-21,11.0,,
2020-10-22,23.0,,
2020-10-23,27.0,,
2020-10-24,28.0,,
2020-10-25,24.0,,
2020-10-26,22.0,,
2020-10-27,22.0,,
2020-10-28,17.0,,
2020-10-29,16.0,,
2020-10-30,30.0,,
2020-10-31,32.0,,
2020-11-01,19.0,,
2020-11-02,23.0,,
2020-11-03,34.0,,
2020-11-04,27.0,,
2020-11-05,9.0,,
2020-11-06,20.0,,
2020-11-07,22.0,,
2020-11-08,25.0,,
2020-11-09,18.0,,
2020-11-10,15.0,,
2020-11-11,20.0,,
2020-11-12,24.0,,
2020-11-13,20.0,,
2020-11-14,21.0,,
2020-11-15,32.0,,
2020-11-16,18.0,,
2020-11-17,11.0,,
2020-11-18,16.0,,
2020-11-19,14.0,,
2020-11-20,26.0,,
2020-11-21,36.0,,
2020-11-22,28.0,,
2020-11-23,18.0,,
2020-11-24,23.0,,
2020-11-25,26.0,,
2020-11-26,18.0,,
2020-11-27,31.0,,
2020-11-28,13.0,,
2020-11-29,21.0,,
2020-11-30,11.0,,
2020-12-01,24.0,,
2020-12-02,18.0,,
2020-12-03,25.0,,
2020-12-04,18.0,,
2020-12-05,26.0,,
2020-12-06,18.0,,
2020-12-07,24.0,,
2020-12-08,17.0,,
2020-12-09,11.0,,
2020-12-10,17.0,,
2020-12-11,21.0,,
2020-12-12,13.0,,
2020-12-13,23.0,,
2020-12-14,15.0,,
2020-12-15,25.0,,
2020-12-16,41.0,,
2020-12-17,40.0,,
2020-12-18,31.0,,
2020-12-19,27.0,,
2020-12-20,39.0,,
2020-12-21,36.0,,
2020-12-22,28.0,,
2020-12-23,29.0,,
2020-12-24,21.0,,
2020-12-25,67.0,,
2020-12-26,27.0,,
2020-12-27,36.0,,
2020-12-28,26.0,,
2020-12-29,21.0,,
2020-12-30,19.0,,
2020-12-31,29.0,,
2021-01-01,41.0,,
2021-01-02,32.0,,
2021-01-03,54.0,,
2021-01-04,17.0,,
2021-01-05,31.0,,
2021-01-06,13.0,,
2021-01-07,23.0,,
2021-01-08,24.0,,
2021-01-09,29.0,,
2021-01-10,25.0,,
2021-01-11,22.0,,
2021-01-12,18.0,,
2021-01-13,12.0,,
2021-01-14,27.0,,
2021-01-15,23.0,,
2021-01-16,20.0,,
2021-01-17,25.0,,
2021-01-18,24.0,,
2021-01-19,13.0,,
2021-01-20,14.0,,
2021-01-21,19.0,,
2021-01-22,30.0,,
2021-01-23,16.0,,
2021-01-24,31.0,,
2021-01-25,20.0,,
2021-01-26,17.0,,
2021-01-27,9.0,,
2021-01-28,20.0,,
2021-01-29,19.0,,
2021-01-30,21.0,,
2021-01-31,30.0,,
2021-02-01,21.0,,
2021-02-02,11.0,,
2021-02-03,21.0,,
2021-02-04,14.0,,
2021-02-05,22.0,,
2021-02-06,31.0,,
2021-02-07,26.0,,
2021-02-08,13.0,,
2021-02-09,24.0,,
2021-02-10,20.0,,
2021-02-11,28.0,,
2021-02-12,27.0,,
2021-02-13,25.0,,
2021-02-14,25.0,,
2021-02-15,14.0,,
2021-02-16,14.0,,
2021-02-17,27.0,,
2021-02-18,8.0,,
2021-02-19,23.0,,
2021-02-20,14.0,,
2021-02-21,24.0,,
2021-02-22,16.0,,
2021-02-23,13.0,,
2021-02-24,23.0,,
2021-02-25,13.0,,
2021-02-26,29.0,,
2021-02-27,23.0,,
2021-02-28,29.0,,
2021-03-01,10.0,,
2021-03-02,18.0,,
2021-03-03,15.0,,
2021-03-04,14.0,,
2021-03-05,29.0,,
2021-03-06,20.0,,
2021-03-07,21.0,,
2021-03-08,19.0,,
2021-03-09,18.0,,
2021-03-10,20.0,,
2021-03-11,18.0,,
2021-03-12,25.0,,
2021-03-13,31.0,,
2021-03-14,25.0,,
2021-03-15,18.0,,
2021-03-16,16.0,,
2021-03-17,19.0,,
2021-03-18,20.0,,
2021-03-19,20.0,,
2021-03-20,24.0,,
2021-03-21,28.0,,
2021-03-22,24.0,,
2021-03-23,27.0,,
2021-03-24,23.0,,
2021-03-25,20.0,,
2021-03-26,17.0,,
2021-03-27,23.0,,
2021-03-28,33.0,,
2021-03-29,33.0,,
2021-03-30,22.0,,
2021-03-31,32.0,,
2021-04-01,14.0,,
2021-04-02,34.0,,
2021-04-03,16.0,,
2021-04-04,21.0,,
2021-04-05,21.0,,
2021-04-06,12.0,,
2021-04-07,13.0,,
2021-04-08,13.0,,
2021-04-09,20.0,,
2021-04-10,21.0,,
2021-04-11,22.0,,
2021-04-12,22.0,,
2021-04-13,9.0,,
2021-04-14,10.0,,
2021-04-15,21.0,,
2021-04-16,13.0,,
2021-04-17,25.0,,
2021-04-18,16.0,,
2021-04-19,11.0,,
2021-04-20,19.0,,
2021-04-21,12.0,,
2021-04-22,18.0,,
2021-04-23,17.0,,
2021-04-24,23.0,,
2021-04-25,22.0,,
2021-04-26,4.0,,
2021-04-27,14.0,,
2021-04-28,16.0,,
2021-04-29,18.0,,
2021-04-30,22.0,,
2021-05-01,13.0,,
2021-05-02,22.0,,
2021-05-03,13.0,,
2021-05-04,13.0,,
2021-05-05,3.0,,
2021-05-06,15.0,,
2021-05-07,28.0,,
2021-05-08,20.0,,
2021-05-09,22.0,,
2021-05-10,13.0,,
2021-05-11,18.0,,
2021-05-12,11.0,,
2021-05-13,13.0,,
2021-05-14,20.0,,
2021-05-15,10.0,,
2021-05-16,19.0,,
2021-05-17,12.0,,
2021-05-18,18.0,,
2021-05-19,10.0,,
2021-05-20,17.0,,
2021-05-21,19.0,,
2021-05-22,18.0,,
2021-05-23,12.0,,
2021-05-24,15.0,,
2021-05-25,10.0,,
2021-05-26,17.0,,
2021-05-27,12.0,,
2021-05-28,26.0,,
2021-05-29,11.0,,
2021-05-30,18.0,,
2021-05-31,13.0,,
2021-06-01,20.0,,
2021-06-02,14.0,,
2021-06-03,21.0,,
2021-06-04,22.0,,
2021-06-05,25.0,,
2021-06-06,22.0,,
2021-06-07,23.0,,
2021-06-08,11.0,,
2021-06-09,26.0,,
2021-06-10,22.0,,
2021-06-11,41.0,,
2021-06-12,25.0,,
2021-06-13,20.0,,
2021-06-14,11.0,,
2021-06-15,22.0,,
2021-06-16,18.0,,
2021-06-17,18.0,,
2021-06-18,26.0,,
2021-06-19,18.0,,
2021-06-20,21.0,,
2021-06-21,20.0,,
2021-06-22,17.0,,
2021-06-23,13.0,,
2021-06-24,17.0,,
2021-06-25,34.0,,
2021-06-26,20.0,,
2021-06-27,35.0,,
2021-06-28,18.0,,
2021-06-29,22.0,,
2021-06-30,15.0,,
2021-07-01,23.0,,
2021-07-02,21.0,,
2021-07-03,17.0,,
2021-07-04,24.0,,
2021-07-05,11.0,,
2021-07-06,22.0,,
2021-07-07,12.0,,
2021-07-08,20.0,,
2021-07-09,29.0,,
2021-07-10,23.0,,
2021-07-11,29.0,,
2021-07-12,19.0,,
2021-07-13,16.0,,
2021-07-14,19.0,,
2021-07-15,12.0,,
2021-07-16,25.0,,
2021-07-17,24.0,,
2021-07-18,14.0,,
2021-07-19,16.0,,
2021-07-20,25.0,,
2021-07-21,21.0,,
2021-07-22,15.0,,
2021-07-23,18.0,,
2021-07-24,20.0,,
2021-07-25,19.0,,
2021-07-26,18.0,,
2021-07-27,23.0,,
2021-07-28,15.0,,
2021-07-29,15.0,,
2021-07-30,35.0,,
2021-07-31,19.0,,
2021-08-01,20.0,,
2021-08-02,18.0,,
2021-08-03,9.0,,
2021-08-04,15.0,,
2021-08-05,8.0,,
2021-08-06,16.0,,
2021-08-07,15.0,,
2021-08-08,23.0,,
2021-08-09,10.0,,
2021-08-10,16.0,,
2021-08-11,15.0,,
2021-08-12,21.0,,
2021-08-13,11.0,,
2021-08-14,18.0,,
2021-08-15,15.0,,
2021-08-16,19.0,,
2021-08-17,15.0,,
2021-08-18,15.0,,
2021-08-19,22.0,,
2021-08-20,17.0,,
2021-08-21,14.0,,
2021-08-22,20.0,,
2021-08-23,20.0,,
2021-08-24,15.0,,
2021-08-25,18.0,,
2021-08-26,15.0,,
2021-08-27,15.0,,
2021-08-28,18.0,,
2021-08-29,28.0,,
2021-08-30,12.0,,
2021-08-31,20.0,,
2021-09-01,10.0,,
2021-09-02,34.0,,
2021-09-03,36.0,,
2021-09-04,21.0,,
2021-09-05,36.0,,
2021-09-06,18.0,,
2021-09-07,32.0,,
2021-09-08,18.0,,
2021-09-09,21.0,,
2021-09-10,21.0,,
2021-09-11,31.0,,
2021-09-12,20.0,,
2021-09-13,22.0,,
2021-09-14,23.0,,
2021-09-15,15.0,,
2021-09-16,25.0,,
2021-09-17,20.0,,
2021-09-18,25.0,,
2021-09-19,25.0,,
2021-09-20,23.0,,
2021-09-21,15.0,,
2021-09-22,16.0,,
2021-09-23,26.0,,
2021-09-24,24.0,,
2021-09-25,29.0,,
2021-09-26,27.0,,
2021-09-27,28.0,,
2021-09-28,19.0,,
2021-09-29,32.0,,
2021-09-30,22.0,,
2021-10-01,36.0,,
2021-10-02,24.0,,
2021-10-03,29.0,,
2021-10-04,17.0,,
2021-10-05,23.0,,
2021-10-06,21.0,,
2021-10-07,22.0,,
2021-10-08,21.0,,
2021-10-09,16.0,,
2021-10-10,23.0,,
2021-10-11,23.0,,
2021-10-12,22.0,,
2021-10-13,23.0,,
2021-10-14,17.0,,
2021-10-15,16.0,,
2021-10-16,27.0,,
2021-10-17,21.0,,
2021-10-18,24.0,,
2021-10-19,22.0,,
2021-10-20,23.0,,
2021-10-21,21.0,,
2021-10-22,25.0,,
2021-10-23,36.0,,
2021-10-24,25.0,,
2021-10-25,17.0,,
2021-10-26,21.0,,
2021-10-27,11.0,,
2021-10-28,17.0,,
2021-10-29,29.0,,
2021-10-30,32.0,,
2021-10-31,31.0,,
2021-11-01,44.0,,
2021-11-02,33.0,,
2021-11-03,29.0,,
2021-11-04,17.0,,
2021-11-05,27.0,,
2021-11-06,15.0,,
2021-11-07,19.0,,
2021-11-08,22.0,,
2021-11-09,26.0,,
2021-11-10,16.0,,
2021-11-11,27.0,,
2021-11-12,34.0,,
2021-11-13,26.0,,
2021-11-14,25.0,,
2021-11-15,18.0,,
2021-11-16,19.0,,
2021-11-17,28.0,,
2021-11-18,10.0,,
2021-11-19,20.0,,
2021-11-20,30.0,,
2021-11-21,26.0,,
2021-11-22,21.0,,
2021-11-23,21.0,,
2021-11-24,17.0,,
2021-11-25,16.0,,
2021-11-26,24.0,,
2021-11-27,23.0,,
2021-11-28,18.0,,
2021-11-29,19.0,,
2021-11-30,15.0,,
2021-12-01,18.0,,
2021-12-02,29.0,,
2021-12-03,21.0,,
2021-12-04,28.0,,
2021-12-05,31.0,,
2021-12-06,21.0,,
2021-12-07,20.0,,
2021-12-08,35.0,,
2021-12-09,23.0,,
2021-12-10,33.0,,
2021-12-11,34.0,,
2021-12-12,30.0,,
2021-12-13,20.0,,
2021-12-14,13.0,,
2021-12-15,31.0,,
2021-12-16,29.0,,
2021-12-17,50.0,,
2021-12-18,27.0,,
2021-12-19,39.0,,
2021-12-20,42.0,,
2021-12-21,21.0,,
2021-12-22,24.0,,
2021-12-23,35.0,,
2021-12-24,51.0,,
2021-12-25,34.0,,
2021-12-26,49.0,,
2021-12-27,26.0,,
2021-12-28,38.0,,
2021-12-29,31.0,,
2021-12-30,31.0,,
2021-12-31,38.0,,
2022-01-01,25.0,,
2022-01-02,41.0,,
2022-01-03,27.0,,
2022-01-04,35.0,,
2022-01-05,29.0,,
2022-01-06,19.0,,
2022-01-07,23.0,,
2022-01-08,17.0,,
2022-01-09,32.0,,
2022-01-10,18.0,,
2022-01-11,23.0,,
2022-01-12,20.0,,
2022-01-13,23.0,,
2022-01-14,40.0,,
2022-01-15,19.0,,
2022-01-16,22.0,,
2022-01-17,22.0,,
2022-01-18,19.0,,
2022-01-19,26.0,,
2022-01-20,22.0,,
2022-01-21,24.0,,
2022-01-22,12.0,,
2022-01-23,33.0,,
2022-01-24,28.0,,
2022-01-25,26.0,,
2022-01-26,21.0,,
2022-01-27,16.0,,
2022-01-28,32.0,,
2022-01-29,21.0,,
2022-01-30,37.0,,
2022-01-31,25.0,,
2022-02-01,21.0,,
2022-02-02,23.0,,
2022-02-03,21.0,,
2022-02-04,18.0,,
2022-02-05,42.0,,
2022-02-06,27.0,,
2022-02-07,17.0,,
2022-02-08,10.0,,
2022-02-09,22.0,,
2022-02-10,22.0,,
2022-02-11,26.0,,
2022-02-12,25.0,,
2022-02-13,17.0,,
2022-02-14,18.0,,
2022-02-15,12.0,,
2022-02-16,24.0,,
2022-02-17,11.0,,
2022-02-18,28.0,,
2022-02-19,23.0,,
2022-02-20,25.0,,
2022-02-21,26.0,,
2022-02-22,22.0,,
2022-02-23,18.0,,
2022-02-24,35.0,,
2022-02-25,14.0,,
2022-02-26,34.0,,
2022-02-27,20.0,,
2022-02-28,26.0,,
2022-03-01,33.0,,
2022-03-02,37.0,,
2022-03-03,22.0,,
2022-03-04,28.0,,
2022-03-05,32.0,,
2022-03-06,49.0,,
2022-03-07,25.0,,
2022-03-08,24.0,,
2022-03-09,31.0,,
2022-03-10,22.0,,
2022-03-11,29.0,,
2022-03-12,31.0,,
2022-03-13,23.0,,
2022-03-14,31.0,,
2022-03-15,30.0,,
2022-03-16,26.0,,
2022-03-17,28.0,,
2022-03-18,40.0,,
2022-03-19,39.0,,
2022-03-20,40.0,,
2022-03-21,28.0,,
2022-03-22,17.0,,
2022-03-23,24.0,,
2022-03-24,23.0,,
2022-03-25,31.0,,
2022-03-26,34.0,,
2022-03-27,35.0,,
2022-03-28,19.0,,
2022-03-29,28.0,,
2022-03-30,32.0,,
2022-03-31,27.0,,
2022-04-01,49.0,,
2022-04-02,20.0,,
2022-04-03,37.0,,
2022-04-04,30.0,,
2022-04-05,36.0,,
2022-04-06,25.0,,
2022-04-07,19.0,,
2022-04-08,39.0,,
2022-04-09,21.0,,
2022-04-10,52.0,,
2022-04-11,28.0,,
2022-04-12,58.0,,
2022-04-13,43.0,,
2022-04-14,50.0,,
2022-04-15,73.0,,
2022-04-16,42.0,,
2022-04-17,33.0,,
2022-04-18,29.0,,
2022-04-19,28.0,,
2022-04-20,28.0,,
2022-04-21,30.0,,
2022-04-22,29.0,,
2022-04-23,32.0,,
2022-04-24,45.0,,
2022-04-25,13.0,,
2022-04-26,35.0,,
2022-04-27,17.0,,
2022-04-28,25.0,,
2022-04-29,34.0,,
2022-04-30,41.0,,
2022-05-01,36.0,,
2022-05-02,21.0,,
2022-05-03,27.0,,
2022-05-04,35.0,,
2022-05-05,32.0,,
2022-05-06,25.0,,
2022-05-07,44.0,,
2022-05-08,39.0,,
2022-05-09,20.0,,
2022-05-10,22.0,,
2022-05-11,20.0,,
2022-05-12,37.0,,
2022-05-13,32.0,,
2022-05-14,27.0,,
2022-05-15,55.0,,
2022-05-16,24.0,,
2022-05-17,27.0,,
2022-05-18,17.0,,
2022-05-19,38.0,,
2022-05-20,42.0,,
2022-05-21,22.0,,
2022-05-22,43.0,,
2022-05-23,40.0,,
2022-05-24,30.0,,
2022-05-25,27.0,,
2022-05-26,21.0,,
2022-05-27,40.0,,
2022-05-28,37.0,,
2022-05-29,42.0,,
2022-05-30,39.0,,
2022-05-31,23.0,,
2022-06-01,29.0,,
2022-06-02,17.0,,
2022-06-03,40.0,,
2022-06-04,22.0,,
2022-06-05,47.0,,
2022-06-06,25.0,,
2022-06-07,27.0,,
2022-06-08,23.0,,
2022-06-09,24.0,,
2022-06-10,29.0,,
2022-06-11,22.0,,
2022-06-12,14.0,,
2022-06-13,23.0,,
2022-06-14,22.0,,
2022-06-15,27.0,,
2022-06-16,30.0,,
2022-06-17,32.0,,
2022-06-18,29.0,,
2022-06-19,42.0,,
2022-06-20,27.0,,
2022-06-21,16.0,,
2022-06-22,24.0,,
2022-06-23,23.0,,
2022-06-24,36.0,,
2022-06-25,30.0,,
2022-06-26,23.0,,
2022-06-27,21.0,,
2022-06-28,29.0,,
2022-06-29,23.0,,
2022-06-30,22.0,,
2022-07-01,42.0,,
2022-07-02,29.0,,
2022-07-03,43.0,,
2022-07-04,28.0,,
2022-07-05,20.0,,
2022-07-06,24.0,,
2022-07-07,16.0,,
2022-07-08,35.0,,
2022-07-09,23.0,,
2022-07-10,30.0,,
2022-07-11,26.0,,
2022-07-12,29.0,,
2022-07-13,21.0,,
2022-07-14,24.0,,
2022-07-15,41.0,,
2022-07-16,40.0,,
2022-07-17,37.0,,
2022-07-18,18.0,,
2022-07-19,30.0,,
2022-07-20,32.0,,
2022-07-21,25.0,,
2022-07-22,24.0,,
2022-07-23,23.0,,
2022-07-24,48.0,,
2022-07-25,16.0,,
2022-07-26,20.0,,
2022-07-27,39.0,,
2022-07-28,34.0,,
2022-07-29,46.0,,
2022-07-30,38.0,,
2022-07-31,32.0,,
2022-08-01,16.0,,
2022-08-02,30.0,,
2022-08-03,25.0,,
2022-08-04,21.0,,
2022-08-05,37.0,,
2022-08-06,43.0,,
2022-08-07,19.0,,
2022-08-08,36.0,,
2022-08-09,28.0,,
2022-08-10,21.0,,
2022-08-11,26.0,,
2022-08-12,40.0,,
2022-08-13,35.0,,
2022-08-14,32.0,,
2022-08-15,32.0,,
2022-08-16,30.0,,
2022-08-17,28.0,,
2022-08-18,17.0,,
2022-08-19,23.0,,
2022-08-20,28.0,,
2022-08-21,24.0,,
2022-08-22,28.0,,
2022-08-23,16.0,,
2022-08-24,18.0,,
2022-08-25,18.0,,
2022-08-26,38.0,,
2022-08-27,28.0,,
2022-08-28,38.0,,
2022-08-29,18.0,,
2022-08-30,21.0,,
2022-08-31,24.0,,
2022-09-01,23.0,,
2022-09-02,22.0,,
2022-09-03,24.0,,
2022-09-04,34.0,,
2022-09-05,20.0,,
2022-09-06,39.0,,
2022-09-07,24.0,,
2022-09-08,21.0,,
2022-09-09,19.0,,
2022-09-10,25.0,,
2022-09-11,27.0,,
2022-09-12,14.0,,
2022-09-13,20.0,,
2022-09-14,23.0,,
2022-09-15,41.0,,
2022-09-16,26.0,,
2022-09-17,36.0,,
2022-09-18,28.0,,
2022-09-19,35.0,,
2022-09-20,26.0,,
2022-09-21,21.0,,
2022-09-22,24.0,,
2022-09-23,20.0,,
2022-09-24,35.0,,
2022-09-25,41.0,,
2022-09-26,29.0,,
2022-09-27,24.0,,
2022-09-28,29.0,,
2022-09-29,26.0,,
2022-09-30,34.0,,
2022-10-01,36.0,,
2022-10-02,46.0,,
2022-10-03,25.0,,
2022-10-04,22.0,,
2022-10-05,23.0,,
2022-10-06,22.0,,
2022-10-07,36.0,,
2022-10-08,15.0,,
2022-10-09,39.0,,
2022-10-10,32.0,,
2022-10-11,23.0,,
2022-10-12,28.0,,
2022-10-13,25.0,,
2022-10-14,33.0,,
2022-10-15,35.0,,
2022-10-16,19.0,,
2022-10-17,30.0,,
2022-10-18,17.0,,
2022-10-19,28.0,,
2022-10-20,35.0,,
2022-10-21,43.0,,
2022-10-22,46.0,,
2022-10-23,37.0,,
2022-10-24,27.0,,
2022-10-25,20.0,,
2022-10-26,18.0,,
2022-10-27,23.0,,
2022-10-28,39.0,,
2022-10-29,30.0,,
2022-10-30,36.0,,
2022-10-31,38.0,,
2022-11-01,31.0,,
2022-11-02,35.0,,
2022-11-03,32.0,,
2022-11-04,35.0,,
2022-11-05,36.0,,
2022-11-06,40.0,,
2022-11-07,23.0,,
2022-11-08,33.0,,
2022-11-09,23.0,,
2022-11-10,17.0,,
2022-11-11,34.0,,
2022-11-12,38.0,,
2022-11-13,44.0,,
2022-11-14,36.0,,
2022-11-15,20.0,,
2022-11-16,31.0,,
2022-11-17,34.0,,
2022-11-18,24.0,,
2022-11-19,39.0,,
2022-11-20,39.0,,
2022-11-21,29.0,,
2022-11-22,18.0,,
2022-11-23,36.0,,
2022-11-24,22.0,,
2022-11-25,43.0,,
2022-11-26,35.0,,
2022-11-27,32.0,,
2022-11-28,19.0,,
2022-11-29,20.0,,
2022-11-30,34.0,,
2022-12-01,31.0,,
2022-12-02,43.0,,
2022-12-03,41.0,,
2022-12-04,30.0,,
2022-12-05,25.0,,
2022-12-06,29.0,,
2022-12-07,24.0,,
2022-12-08,15.0,,
2022-12-09,33.0,,
2022-12-10,27.0,,
2022-12-11,29.0,,
2022-12-12,25.0,,
2022-12-13,31.0,,
2022-12-14,19.0,,
2022-12-15,31.0,,
2022-12-16,59.0,,
2022-12-17,53.0,,
2022-12-18,58.0,,
2022-12-19,28.0,,
2022-12-20,32.0,,
2022-12-21,53.0,,
2022-12-22,38.0,,
2022-12-23,73.0,,
2022-12-24,45.0,,
2022-12-25,48.0,,
2022-12-26,34.0,,
2022-12-27,35.0,,
2022-12-28,44.0,,
2022-12-29,37.0,,
2022-12-30,67.0,,
2022-12-31,54.0,,
2023-01-01,46.0,,
2023-01-02,21.0,,
2023-01-03,50.0,,
2023-01-04,27.0,,
2023-01-05,51.0,,
2023-01-06,45.0,,
2023-01-07,35.0,,
2023-01-08,38.0,,
2023-01-09,21.0,,
2023-01-10,16.0,,
2023-01-11,28.0,,
2023-01-12,21.0,,
2023-01-13,52.0,,
2023-01-14,31.0,,
2023-01-15,19.0,,
2023-01-16,25.0,,
2023-01-17,30.0,,
2023-01-18,24.0,,
2023-01-19,25.0,,
2023-01-20,44.0,,
2023-01-21,44.0,,
2023-01-22,31.0,,
2023-01-23,26.0,,
2023-01-24,30.0,,
2023-01-25,21.0,,
2023-01-26,30.0,,
2023-01-27,22.0,,
2023-01-28,21.0,,
2023-01-29,30.0,,
2023-01-30,22.0,,
2023-01-31,23.0,,
2023-02-01,18.0,,
2023-02-02,16.0,,
2023-02-03,47.0,,
2023-02-04,30.0,,
2023-02-05,34.0,,
2023-02-06,23.0,,
2023-02-07,27.0,,
2023-02-08,24.0,,
2023-02-09,24.0,,
2023-02-10,27.0,,
2023-02-11,31.0,,
2023-02-12,31.0,,
2023-02-13,21.0,,
2023-02-14,29.0,,
2023-02-15,23.0,,
2023-02-16,29.0,,
2023-02-17,34.0,,
2023-02-18,32.0,,
2023-02-19,32.0,,
2023-02-20,29.0,,
2023-02-21,27.0,,
2023-02-22,14.0,,
2023-02-23,34.0,,
2023-02-24,31.0,,
2023-02-25,28.0,,
2023-02-26,25.0,,
2023-02-27,22.0,,
2023-02-28,20.0,,
2023-03-01,30.0,,
2023-03-02,35.0,,
2023-03-03,33.0,,
2023-03-04,31.0,,
2023-03-05,25.0,,
2023-03-06,16.0,,
2023-03-07,15.0,,
2023-03-08,33.0,,
2023-03-09,27.0,,
2023-03-10,39.0,,
2023-03-11,35.0,,
2023-03-12,32.0,,
2023-03-13,25.0,,
2023-03-14,27.0,,
2023-03-15,14.0,,
2023-03-16,26.0,,
2023-03-17,30.0,,
2023-03-18,24.0,,
2023-03-19,29.0,,
2023-03-20,25.0,,
2023-03-21,42.0,,
2023-03-22,20.0,,
2023-03-23,24.0,,
2023-03-24,32.0,,
2023-03-25,33.0,,
2023-03-26,24.0,,
2023-03-27,17.0,,
2023-03-28,19.0,,
2023-03-29,16.0,,
2023-03-30,30.0,,
2023-03-31,40.0,,
2023-04-01,44.0,,
2023-04-02,36.0,,
2023-04-03,30.0,,
2023-04-04,35.0,,
2023-04-05,32.0,,
2023-04-06,47.0,,
2023-04-07,52.0,,
2023-04-08,45.0,,
2023-04-09,43.0,,
2023-04-10,41.0,,
2023-04-11,24.0,,
2023-04-12,17.0,,
2023-04-13,24.0,,
2023-04-14,36.0,,
2023-04-15,38.0,,
2023-04-16,36.0,,
2023-04-17,36.0,,
2023-04-18,23.0,,
2023-04-19,24.0,,
2023-04-20,16.0,,
2023-04-21,31.0,,
2023-04-22,31.0,,
2023-04-23,22.0,,
2023-04-24,30.0,,
2023-04-25,18.0,,
2023-04-26,21.0,,
2023-04-27,25.0,,
2023-04-28,30.0,,
2023-04-29,24.0,,
2023-04-30,40.0,,
2023-05-01,27.0,,
2023-05-02,26.0,,
2023-05-03,21.0,,
2023-05-04,30.0,,
2023-05-05,50.0,,
2023-05-06,37.0,,
2023-05-07,54.0,,
2023-05-08,33.0,,
2023-05-09,34.0,,
2023-05-10,20.0,,
2023-05-11,24.0,,
2023-05-12,45.0,,
2023-05-13,27.0,,
2023-05-14,27.0,,
2023-05-15,29.0,,
2023-05-16,38.0,,
2023-05-17,33.0,,
2023-05-18,30.0,,
2023-05-19,35.0,,
2023-05-20,39.0,,
2023-05-21,32.0,,
2023-05-22,31.0,,
2023-05-23,25.0,,
2023-05-24,21.0,,
2023-05-25,34.0,,
2023-05-26,44.0,,
2023-05-27,34.0,,
2023-05-28,60.0,,
2023-05-29,10.0,,
2023-05-30,22.0,,
2023-05-31,23.0,,
2023-06-01,28.0,,
2023-06-02,39.0,,
2023-06-03,39.0,,
2023-06-04,26.0,,
2023-06-05,28.0,,
2023-06-06,30.0,,
2023-06-07,20.0,,
2023-06-08,32.0,,
2023-06-09,32.0,,
2023-06-10,35.0,,
2023-06-11,43.0,,
2023-06-12,16.0,,
2023-06-13,35.0,,
2023-06-14,25.0,,
2023-06-15,19.0,,
2023-06-16,45.0,,
2023-06-17,24.0,,
2023-06-18,29.0,,
2023-06-19,25.0,,
2023-06-20,21.0,,
2023-06-21,30.0,,
2023-06-22,36.0,,
2023-06-23,36.0,,
2023-06-24,28.0,,
2023-06-25,25.0,,
2023-06-26,25.0,,
2023-06-27,23.0,,
2023-06-28,27.0,,
2023-06-29,22.0,,
2023-06-30,41.0,,
2023-07-01,17.0,,
2023-07-02,31.0,,
2023-07-03,25.0,,
2023-07-04,38.0,,
2023-07-05,26.0,,
2023-07-06,31.0,,
2023-07-07,38.0,,
2023-07-08,31.0,,
2023-07-09,33.0,,
2023-07-10,13.0,,
2023-07-11,19.0,,
2023-07-12,35.0,,
2023-07-13,16.0,,
2023-07-14,32.0,,
2023-07-15,31.0,,
2023-07-16,32.0,,
2023-07-17,26.0,,
2023-07-18,22.0,,
2023-07-19,14.0,,
2023-07-20,20.0,,
2023-07-21,33.0,,
2023-07-22,31.0,,
2023-07-23,23.0,,
2023-07-24,30.0,,
2023-07-25,24.0,,
2023-07-26,35.0,,
2023-07-27,26.0,,
2023-07-28,36.0,,
2023-07-29,29.0,,
2023-07-30,36.0,,
2023-07-31,22.0,,
2023-08-01,17.0,,
2023-08-02,19.0,,
2023-08-03,25.0,,
2023-08-04,20.0,,
2023-08-05,26.0,,
2023-08-06,36.0,,
2023-08-07,16.0,,
2023-08-08,22.0,,
2023-08-09,16.0,,
2023-08-10,13.0,,
2023-08-11,26.0,,
2023-08-12,29.0,,
2023-08-13,33.0,,
2023-08-14,30.0,,
2023-08-15,26.0,,
2023-08-16,31.0,,
2023-08-17,24.0,,
2023-08-18,32.0,,
2023-08-19,41.0,,
2023-08-20,30.0,,
2023-08-21,14.0,,
2023-08-22,35.0,,
2023-08-23,14.0,,
2023-08-24,21.0,,
2023-08-25,29.0,,
2023-08-26,36.0,,
2023-08-27,25.0,,
2023-08-28,22.0,,
2023-08-29,14.0,,
2023-08-30,26.0,,
2023-08-31,18.0,,
2023-09-01,36.0,,
2023-09-02,23.0,,
2023-09-03,35.0,,
2023-09-04,37.0,,
2023-09-05,16.0,,
2023-09-06,14.0,,
2023-09-07,28.0,,
2023-09-08,34.0,,
2023-09-09,27.0,,
2023-09-10,38.0,,
2023-09-11,24.0,,
2023-09-12,28.0,,
2023-09-13,31.0,,
2023-09-14,22.0,,
2023-09-15,19.0,,
2023-09-16,34.0,,
2023-09-17,42.0,,
2023-09-18,21.0,,
2023-09-19,37.0,,
2023-09-20,24.0,,
2023-09-21,33.0,,
2023-09-22,32.0,,
2023-09-23,25.0,,
2023-09-24,41.0,,
2023-09-25,31.0,,
2023-09-26,28.0,,
2023-09-27,33.0,,
2023-09-28,25.0,,
2023-09-29,30.0,,
2023-09-30,33.0,,
2023-10-01,32.0,,
2023-10-02,21.0,,
2023-10-03,22.0,,
2023-10-04,37.0,,
2023-10-05,17.0,,
2023-10-06,29.0,,
2023-10-07,40.0,,
2023-10-08,35.0,,
2023-10-09,27.0,,
2023-10-10,20.0,,
2023-10-11,32.0,,
2023-10-12,26.0,,
2023-10-13,22.0,,
2023-10-14,35.0,,
2023-10-15,37.0,,
2023-10-16,20.0,,
2023-10-17,26.0,,
2023-10-18,24.0,,
2023-10-19,21.0,,
2023-10-20,33.0,,
2023-10-21,35.0,,
2023-10-22,43.0,,
2023-10-23,25.0,,
2023-10-24,18.0,,
2023-10-25,30.0,,
2023-10-26,17.0,,
2023-10-27,41.0,,
2023-10-28,25.0,,
2023-10-29,46.0,,
2023-10-30,53.0,,
2023-10-31,21.0,,
2023-11-01,27.0,,
2023-11-02,51.0,,
2023-11-03,55.0,,
2023-11-04,37.0,,
2023-11-05,46.0,,
2023-11-06,31.0,,
2023-11-07,29.0,,
2023-11-08,30.0,,
2023-11-09,24.0,,
2023-11-10,31.0,,
2023-11-11,22.0,,
2023-11-12,33.0,,
2023-11-13,31.0,,
2023-11-14,26.0,,
2023-11-15,23.0,,
2023-11-16,25.0,,
2023-11-17,38.0,,
2023-11-18,37.0,,
2023-11-19,33.0,,
2023-11-20,31.0,,
2023-11-21,30.0,,
2023-11-22,24.0,,
2023-11-23,24.0,,
2023-11-24,31.0,,
2023-11-25,20.0,,
2023-11-26,27.0,,
2023-11-27,33.0,,
2023-11-28,24.0,,
2023-11-29,23.0,,
2023-11-30,29.0,,
2023-12-01,35.0,,
2023-12-02,38.0,,
2023-12-03,31.0,,
2023-12-04,29.0,,
2023-12-05,25.0,,
2023-12-06,23.0,,
2023-12-07,27.0,,
2023-12-08,52.0,,
2023-12-09,38.0,,
2023-12-10,40.0,,
2023-12-11,22.0,,
2023-12-12,25.0,,
2023-12-13,19.0,,
2023-12-14,33.0,,
2023-12-15,70.0,,
2023-12-16,51.0,,
2023-12-17,48.0,,
2023-12-18,32.0,,
2023-12-19,46.0,,
2023-12-20,44.0,,
2023-12-21,56.0,,
2023-12-22,76.0,,
2023-12-23,37.0,,
2023-12-24,72.0,,
2023-12-25,45.0,,
2023-12-26,37.0,,
2023-12-27,42.0,,
2023-12-28,47.0,,
2023-12-29,53.0,,
2023-12-30,52.0,,
2023-12-31,53.0,,
2024-01-01,44.0,,
2024-01-02,38.0,,
2024-01-03,28.0,,
2024-01-04,41.0,,
2024-01-05,44.0,,
2024-01-06,24.0,,
2024-01-07,32.0,,
2024-01-08,31.0,,
2024-01-09,23.0,,
2024-01-10,26.0,,
2024-01-11,30.0,,
2024-01-12,41.0,,
2024-01-13,31.0,,
2024-01-14,16.0,,
2024-01-15,11.0,,
2024-01-16,29.0,,
2024-01-17,18.0,,
2024-01-18,28.0,,
2024-01-19,33.0,,
2024-01-20,28.0,,
2024-01-21,37.0,,
2024-01-22,29.0,,
2024-01-23,20.0,,
2024-01-24,21.0,,
2024-01-25,35.0,,
2024-01-26,46.0,,
2024-01-27,27.0,,
2024-01-28,40.0,,
2024-01-29,26.0,,
2024-01-30,25.0,,
2024-01-31,18.0,,
2024-02-01,31.0,,
2024-02-02,23.0,,
2024-02-03,38.0,,
2024-02-04,38.0,,
2024-02-05,18.0,,
2024-02-06,34.0,,
2024-02-07,41.0,,
2024-02-08,16.0,,
2024-02-09,46.0,,
2024-02-10,23.0,,
2024-02-11,37.0,,
2024-02-12,28.0,,
2024-02-13,31.0,,
2024-02-14,31.0,,
2024-02-15,26.0,,
2024-02-16,44.0,,
2024-02-17,35.0,,
2024-02-18,41.0,,
2024-02-19,25.0,,
2024-02-20,17.0,,
2024-02-21,23.0,,
2024-02-22,13.0,,
2024-02-23,25.0,,
2024-02-24,28.0,,
2024-02-25,59.0,,
2024-02-26,24.0,,
2024-02-27,28.0,,
2024-02-28,27.0,,
2024-02-29,21.0,,
2024-03-01,28.0,,
2024-03-02,31.0,,
2024-03-03,24.0,,
2024-03-04,15.0,,
2024-03-05,32.0,,
2024-03-06,11.0,,
2024-03-07,20.0,,
2024-03-08,45.0,,
2024-03-09,32.0,,
2024-03-10,41.0,,
2024-03-11,23.0,,
2024-03-12,25.0,,
2024-03-13,13.0,,
2024-03-14,32.0,,
2024-03-15,38.0,,
2024-03-16,25.0,,
2024-03-17,35.0,,
2024-03-18,35.0,,
2024-03-19,30.0,,
2024-03-20,29.0,,
2024-03-21,25.0,,
2024-03-22,23.0,,
2024-03-23,24.0,,
2024-03-24,83.0,,
2024-03-25,45.0,,
2024-03-26,43.0,,
2024-03-27,42.0,,
2024-03-28,42.0,,
2024-03-29,36.0,,
2024-03-30,48.0,,
2024-03-31,39.0,,
2024-04-01,44.0,,
2024-04-02,22.0,,
2024-04-03,36.0,,
2024-04-04,30.0,,
2024-04-05,29.0,,
2024-04-06,29.0,,
2024-04-07,46.0,,
2024-04-08,27.0,,
2024-04-09,15.0,,
2024-04-10,43.0,,
2024-04-11,36.0,,
2024-04-12,29.0,,
2024-04-13,37.0,,
2024-04-14,55.0,,
2024-04-15,33.0,,
2024-04-16,30.0,,
2024-04-17,40.0,,
2024-04-18,14.0,,
2024-04-19,35.0,,
2024-04-20,35.0,,
2024-04-21,36.0,,
2024-04-22,32.0,,
2024-04-23,26.0,,
2024-04-24,31.0,,
2024-04-25,31.0,,
2024-04-26,38.0,,
2024-04-27,27.0,,
2024-04-28,32.0,,
2024-04-29,17.0,,
2024-04-30,26.0,,
2024-05-01,28.0,,
2024-05-02,22.0,,
2024-05-03,21.0,,
2024-05-04,38.0,,
2024-05-05,33.0,,
2024-05-06,28.0,,
2024-05-07,33.0,,
2024-05-08,32.0,,
2024-05-09,23.0,,
2024-05-10,29.0,,
2024-05-11,41.0,,
2024-05-12,35.0,,
2024-05-13,31.0,,
2024-05-14,30.0,,
2024-05-15,22.0,,
2024-05-16,28.0,,
2024-05-17,39.0,,
2024-05-18,40.0,,
2024-05-19,38.0,,
2024-05-20,40.0,,
2024-05-21,25.0,,
2024-05-22,34.0,,
2024-05-23,35.0,,
2024-05-24,26.0,,
2024-05-25,25.0,,
2024-05-26,31.0,,
2024-05-27,40.0,,
2024-05-28,22.0,,
2024-05-29,34.0,,
2024-05-30,21.0,,
2024-05-31,29.0,,
2024-06-01,28.0,,
2024-06-02,42.0,,
2024-06-03,24.0,,
2024-06-04,27.0,,
2024-06-05,31.0,,
2024-06-06,28.0,,
2024-06-07,31.0,,
2024-06-08,39.0,,
2024-06-09,24.0,,
2024-06-10,24.0,,
2024-06-11,27.0,,
2024-06-12,21.0,,
2024-06-13,26.0,,
2024-06-14,26.0,,
2024-06-15,37.0,,
2024-06-16,30.0,,
2024-06-17,16.0,,
2024-06-18,21.0,,
2024-06-19,23.0,,
2024-06-20,25.0,,
2024-06-21,30.0,,
2024-06-22,32.0,,
2024-06-23,27.0,,
2024-06-24,22.0,,
2024-06-25,11.0,,
2024-06-26,34.0,,
2024-06-27,26.0,,
2024-06-28,39.0,,
2024-06-29,29.0,,
2024-06-30,32.0,,
2024-07-01,34.0,,
2024-07-02,32.0,,
2024-07-03,27.0,,
2024-07-04,31.0,,
2024-07-05,43.0,,
2024-07-06,33.0,,
2024-07-07,37.0,,
2024-07-08,26.0,,
2024-07-09,19.0,,
2024-07-10,23.0,,
2024-07-11,27.0,,
2024-07-12,41.0,,
2024-07-13,30.0,,
2024-07-14,39.0,,
2024-07-15,20.0,,
2024-07-16,24.0,,
2024-07-17,20.0,,
2024-07-18,28.0,,
2024-07-19,43.0,,
2024-07-20,38.0,,
2024-07-21,31.0,,
2024-07-22,31.0,,
2024-07-23,24.0,,
2024-07-24,36.0,,
2024-07-25,15.0,,
2024-07-26,28.0,,
2024-07-27,27.0,,
2024-07-28,43.0,,
2024-07-29,27.0,,
2024-07-30,22.0,,
2024-07-31,29.0,,
2024-08-01,18.0,,
2024-08-02,32.0,,
2024-08-03,30.0,,
2024-08-04,27.0,,
2024-08-05,19.0,,
2024-08-06,22.0,,
2024-08-07,22.0,,
2024-08-08,26.0,,
2024-08-09,24.0,,
2024-08-10,23.0,,
2024-08-11,24.0,,
2024-08-12,19.0,,
2024-08-13,22.0,,
2024-08-14,26.0,,
2024-08-15,30.0,,
2024-08-16,30.0,,
2024-08-17,37.0,,
2024-08-18,45.0,,
2024-08-19,23.0,,
2024-08-20,17.0,,
2024-08-21,18.0,,
2024-08-22,19.0,,
2024-08-23,30.0,,
2024-08-24,21.0,,
2024-08-25,36.0,,
2024-08-26,19.0,,
2024-08-27,18.0,,
2024-08-28,20.0,,
2024-08-29,24.0,,
2024-08-30,27.0,,
2024-08-31,31.0,,
2024-09-01,41.0,,
2024-09-02,17.0,,
2024-09-03,20.0,,
2024-09-04,31.0,,
2024-09-05,25.0,,
2024-09-06,34.0,,
2024-09-07,22.0,,
2024-09-08,22.0,,
2024-09-09,25.0,,
2024-09-10,36.0,,
2024-09-11,18.0,,
2024-09-12,21.0,,
2024-09-13,41.0,,
2024-09-14,36.0,,
2024-09-15,34.0,,
2024-09-16,21.0,,
2024-09-17,31.0,,
2024-09-18,25.0,,
2024-09-19,30.0,,
2024-09-20,39.0,,
2024-09-21,43.0,,
2024-09-22,27.0,,
2024-09-23,23.0,,
2024-09-24,25.0,,
2024-09-25,27.0,,
2024-09-26,19.0,,
2024-09-27,22.0,,
2024-09-28,31.0,,
2024-09-29,42.0,,
2024-09-30,15.0,,
2024-10-01,30.0,,
2024-10-02,19.0,,
2024-10-03,15.0,,
2024-10-04,11.0,,
2024-10-05,25.0,,
2024-10-06,28.0,,
2024-10-07,39.0,,
2024-10-08,17.0,,
2024-10-09,16.0,,
2024-10-10,21.0,,
2024-10-11,27.0,,
2024-10-12,21.0,,
2024-10-13,37.0,,
2024-10-14,19.0,,
2024-10-15,41.0,,
2024-10-16,42.0,,
2024-10-17,23.0,,
2024-10-18,24.0,,
2024-10-19,29.0,,
2024-10-20,37.0,,
2024-10-21,28.0,,
2024-10-22,19.0,,
2024-10-23,24.0,,
2024-10-24,30.0,,
2024-10-25,35.0,,
2024-10-26,33.0,,
2024-10-27,29.0,,
2024-10-28,26.0,,
2024-10-29,25.0,,
2024-10-30,41.0,,
2024-10-31,38.0,,
2024-11-01,43.0,,
2024-11-02,45.0,,
2024-11-03,39.0,,
2024-11-04,20.0,,
2024-11-05,27.0,,
2024-11-06,27.0,,
2024-11-07,32.0,,
2024-11-08,39.0,,
2024-11-09,30.0,,
2024-11-10,34.0,,
2024-11-11,38.0,,
2024-11-12,26.0,,
2024-11-13,24.0,,
2024-11-14,25.0,,
2024-11-15,28.0,,
2024-11-16,33.0,,
2024-11-17,44.0,,
2024-11-18,25.0,,
2024-11-19,43.0,,
2024-11-20,22.0,,
2024-11-21,27.0,,
2024-11-22,27.0,,
2024-11-23,28.0,,
2024-11-24,42.0,,
2024-11-25,23.0,,
2024-11-26,23.0,,
2024-11-27,27.0,,
2024-11-28,29.0,,
2024-11-29,34.0,,
2024-11-30,14.0,,
2024-12-01,49.0,,
2024-12-02,22.0,,
2024-12-03,31.0,,
2024-12-04,20.0,,
2024-12-05,25.0,,
2024-12-06,16.0,,
2024-12-07,30.0,,
2024-12-08,30.0,,
2024-12-09,25.0,,
2024-12-10,22.0,,
2024-12-11,23.0,,
2024-12-12,15.0,,
2024-12-13,41.0,,
2024-12-14,25.0,,
2024-12-15,57.0,,
2024-12-16,31.0,,
2024-12-17,43.0,,
2024-12-18,53.0,,
2024-12-19,29.0,,
2024-12-20,47.0,,
2024-12-21,53.0,,
2024-12-22,22.0,,
2024-12-23,37.0,,
2024-12-24,45.0,,
2024-12-25,57.0,,
2024-12-26,27.0,,
2024-12-27,39.0,,
2024-12-28,44.0,,
2024-12-29,29.0,35.46982732727782,
2024-12-30,31.0,32.02287064992399,
2024-12-31,33.0,31.678486566138258,
2025-01-01,33.0,31.587265021786042,
2025-01-02,25.0,27.00564617182536,
2025-01-03,26.0,32.26842433708349,
2025-01-04,25.0,30.51539333008005,
2025-01-05,41.0,34.978606268831946,
2025-01-06,25.0,26.362727130216342,
2025-01-07,21.0,25.368253833456293,
2025-01-08,35.0,26.248410524346724,
2025-01-09,19.0,25.131554135742277,
2025-01-10,34.0,34.63700723798922,
2025-01-11,34.0,29.98746378880761,
2025-01-12,22.0,32.23511454956043,
2025-01-13,23.0,25.84738925020097,
2025-01-14,22.0,24.73179982650921,
2025-01-15,38.0,27.81355175909436,
2025-01-16,28.0,26.685216640421615,
2025-01-17,47.0,38.07859716056607,
2025-01-18,22.0,32.13635627012825,
2025-01-19,34.0,32.43246457222638,
2025-01-20,17.0,25.10486836477828,
2025-01-21,25.0,25.63705701528686,
2025-01-22,27.0,26.419119739384392,
2025-01-23,33.0,25.9629578361566,
2025-01-24,33.0,36.81860014100978,
2025-01-25,30.0,31.102920013573165,
2025-01-26,26.0,30.381410626522687,
2025-01-27,38.0,26.68810690679493,
2025-01-28,24.0,26.961685510798237,
2025-01-29,23.0,25.476383568828453,
2025-01-30,25.0,25.95193623618355,
2025-01-31,41.0,34.12291289385651,
2025-02-01,21.0,30.010718608256653,
2025-02-02,28.0,32.858676707434796,
2025-02-03,36.0,26.200782372724547,
2025-02-04,32.0,26.288782979198476,
2025-02-05,23.0,25.968620516181566,
2025-02-06,33.0,25.840812106965803,
2025-02-07,42.0,35.5370884336551,
2025-02-08,23.0,32.48503063439528,
2025-02-09,51.0,36.98844803327758,
2025-02-10,15.0,28.244597516781816,
2025-02-11,29.0,24.83486602013565,
2025-02-12,42.0,28.79889720248591,
2025-02-13,28.0,26.687756224605906,
2025-02-14,14.0,32.43469271200621,
2025-02-15,29.0,28.196656029774218,
2025-02-16,35.0,35.070498149025866,
2025-02-17,19.0,24.58634548003732,
2025-02-18,16.0,23.77768096177008,
2025-02-19,21.0,22.297006286827102,
2025-02-20,27.0,20.8976716015425,
2025-02-21,42.0,34.97365545421785,
2025-02-22,26.0,31.42317103347791,
2025-02-23,22.0,29.906999195186657,
2025-02-24,27.0,23.77679126349361,
2025-02-25,39.0,26.72715107616397,
2025-02-26,28.0,27.503849710391343,
2025-02-27,32.0,26.251913146761865,
2025-02-28,37.0,36.94910163311004,
2025-03-01,34.0,32.817124694737146,
2025-03-02,38.0,37.53204798475492,
2025-03-03,23.0,24.86192227398676,
2025-03-04,19.0,23.92688989945834,
2025-03-05,24.0,25.332681091747837,
2025-03-06,24.0,24.887652566172047,
2025-03-07,39.0,36.27455488136583,
2025-03-08,43.0,34.057292432954775,
2025-03-09,33.0,35.12424562522822,
2025-03-10,22.0,25.43183494648382,
2025-03-11,22.0,24.765982703124475,
2025-03-12,35.0,26.06020407716156,
2025-03-13,34.0,26.54543383410523,
2025-03-14,35.0,38.666574962992414,
2025-03-15,37.0,34.12313294278915,
2025-03-16,28.0,34.26149047271767,
2025-03-17,28.0,25.030493539184103,
2025-03-18,23.0,25.33129198360321,
2025-03-19,26.0,24.98658264984069,
2025-03-20,28.0,25.87788357520386,
2025-03-21,34.0,33.61780233841306,
2025-03-22,21.0,29.588596257740335,
2025-03-23,39.0,32.33981179332783,
2025-03-24,21.0,25.379493106602627,
2025-03-25,31.0,26.266115254281523,
2025-03-26,35.0,26.79406431172214,
2025-03-27,21.0,25.156158749300253,
2025-03-28,32.0,31.89409813885778,
2025-03-29,37.0,31.322913572773466,
2025-03-30,30.0,36.582727621910216,
2025-03-31,25.0,24.900948104799124,
2025-04-01,30.0,26.62633145405687,
2025-04-02,28.0,26.87129035136572,
2025-04-03,25.0,25.299736761479878,
2025-04-04,37.0,34.715568866726265,
2025-04-05,37.0,34.612768188498016,
2025-04-06,38.0,37.06018981284144,
2025-04-07,31.0,26.933555434817276,
2025-04-08,25.0,27.383430004991812,
2025-04-09,28.0,24.845822297858398,
2025-04-10,25.0,26.318495487166143,
2025-04-11,34.0,33.51288508226411,
2025-04-12,35.0,33.62655978926778,
2025-04-13,64.0,48.242062174392764,
2025-04-14,40.0,34.79606800622576,
2025-04-15,44.0,39.19220059920528,
2025-04-16,58.0,38.832353634730154,
2025-04-17,26.0,39.38951284637276,
2025-04-18,37.0,36.71204956947837,
2025-04-19,50.0,42.447904742582274,
2025-04-20,38.0,42.11211014827764,
2025-04-21,35.0,34.49526577357793,
2025-04-22,29.0,27.720720387635275,
2025-04-23,17.0,26.95864189493098,
2025-04-24,30.0,24.366057808960544,
2025-04-25,47.0,36.8111320455745,
2025-04-26,22.0,32.01820293911128,
2025-04-27,41.0,36.00300370503585,
2025-04-28,30.0,27.0225004381681,
2025-04-29,23.0,25.92755370342007,
2025-04-30,36.0,26.874919203035073,
2025-05-01,23.0,26.1646827510766,
2025-05-02,46.0,35.37024332928154,
2025-05-03,44.0,34.487096182678066,
2025-05-04,46.0,41.84399413987705,
2025-05-05,28.0,27.334970839764477,
2025-05-06,37.0,29.853315901151447,
2025-05-07,35.0,31.06228047768781,
2025-05-08,26.0,30.459722194401238,
2025-05-09,41.0,40.42781580538058,
2025-05-10,33.0,33.81301169494391,
2025-05-11,58.0,40.37838206418692,
2025-05-12,40.0,36.64930386922252,
2025-05-13,29.0,29.498818640732843,
2025-05-14,22.0,27.66670437685817,
2025-05-15,25.0,26.818928715208564,
2025-05-16,21.0,32.73474721077315,
2025-05-17,24.0,31.76355864160521,
2025-05-18,45.0,37.33909614403169,
2025-05-19,35.0,28.395622355874174,
2025-05-20,24.0,26.066305817522213,
2025-05-21,24.0,26.462063920449108,
2025-05-22,24.0,26.028682588227056,
2025-05-23,34.0,33.57570975116231,
2025-05-24,32.0,33.44473654494367,
2025-05-25,43.0,37.22732555508547,
2025-05-26,32.0,27.065198206704213,
2025-05-27,26.0,26.946179811401908,
2025-05-28,19.0,25.218988108737317,
2025-05-29,35.0,26.580513768496484,
2025-05-30,29.0,34.84980027402904,
2025-05-31,46.0,32.97878761622768,
2025-06-01,23.0,35.534416138424575,
2025-06-02,20.0,24.71115150036515,
2025-06-03,15.0,24.98285141137834,
2025-06-04,29.0,25.844611944871183,
2025-06-05,22.0,25.388482861693177,
2025-06-06,32.0,32.097204328181924,
2025-06-07,20.0,29.144593582789987,
2025-06-08,33.0,31.656775004624812,
2025-06-09,15.0,22.9855628279901,
2025-06-10,8.0,20.73731131989031,
2025-06-11,15.0,19.250261654648707,
2025-06-12,27.0,19.121525162768574,
2025-06-13,38.0,28.423883675632926,
2025-06-14,38.0,27.30519160133126,
2025-06-15,25.0,30.92537892377124,
2025-06-16,41.0,26.206851060073234,
2025-06-17,21.0,25.736292247859925,
2025-06-18,14.0,24.71113598206046,
2025-06-19,21.0,25.18671740659752,
2025-06-20,28.0,32.77292965586434,
2025-06-21,36.0,31.16538326292094,
2025-06-22,39.0,35.77056033799659,
2025-06-23,32.0,26.58498146638751,
2025-06-24,17.0,24.694589353188398,
2025-06-25,20.0,25.18221462370858,
2025-06-26,20.0,25.236581537852675,
2025-06-27,26.0,31.64874974529457,
2025-06-28,34.0,30.274129188848292,
2025-06-29,35.0,34.63341576016832,
2025-06-30,30.0,24.95477790366875,
2025-07-01,29.0,26.234758308149956,
2025-07-02,32.0,27.388310354151415,
2025-07-03,25.0,24.74538430107734,
2025-07-04,35.0,34.89325541128117,
2025-07-05,30.0,33.67696839827033,
2025-07-06,35.0,36.02627090509341,
2025-07-07,19.0,25.981201428956034,
2025-07-08,25.0,25.264641742492334,
2025-07-09,13.0,24.360225527359162,
2025-07-10,34.0,25.47911740074744,
2025-07-11,29.0,37.016574523210764,
2025-07-12,33.0,29.977067882873698,
2025-07-13,34.0,35.75401915702179,
2025-07-14,21.0,25.129183188053222,
2025-07-15,22.0,24.352096945088785,
2025-07-16,29.0,26.568032662191484,
2025-07-17,31.0,26.295472415139994,
2025-07-18,25.0,34.39116101582409,
2025-07-19,36.0,30.28914569016203,
2025-07-20,35.0,37.173661276309595,
2025-07-21,22.0,25.516258335309523,
2025-07-22,20.0,24.08887944323483,
2025-07-23,20.0,25.84971924058716,
2025-07-24,28.0,24.980678728675727,
2025-07-25,36.0,34.05242474731399,
2025-07-26,31.0,30.95834296093508,
2025-07-27,38.0,36.22551514367455,
2025-07-28,26.0,25.967946381985865,
2025-07-29,17.0,25.577009224894258,
2025-07-30,33.0,26.38512327585467,
2025-07-31,23.0,25.62938318266266,
2025-08-01,35.0,32.24923805324008,
2025-08-02,26.0,32.23645755598549,
2025-08-03,34.0,33.035692669093976,
2025-08-04,21.0,25.261253494078307,
2025-08-05,20.0,24.62804145224138,
2025-08-06,19.0,24.000778180010805,
2025-08-07,21.0,23.311757047914742,
2025-08-08,28.0,29.162601902043452,
2025-08-09,24.0,28.16632982728061,
2025-08-10,30.0,29.968728955822648,
2025-08-11,19.0,20.981355450883317,
2025-08-12,31.0,22.080616387300005,
2025-08-13,21.0,23.90995771602192,
2025-08-14,17.0,21.773658022310748,
2025-08-15,35.0,30.308334949688234,
2025-08-16,32.0,30.119644597164672,
2025-08-17,19.0,31.909078097827383,
2025-08-18,25.0,22.431611796927477,
2025-08-19,17.0,22.704003481117528,
2025-08-20,20.0,21.558876930474316,
2025-08-21,15.0,20.759216709834625,
2025-08-22,38.0,30.428671918718678,
2025-08-23,29.0,28.20845884002801,
2025-08-24,25.0,29.032305249039823,
2025-08-25,25.0,23.873535974350997,
2025-08-26,27.0,24.671283744860414,
2025-08-27,21.0,24.048376717226702,
2025-08-28,21.0,23.945567279149426,
2025-08-29,43.0,31.64424822817699,
2025-08-30,32.0,32.899983407882594,
2025-08-31,32.0,36.314249339467395,
2025-09-01,27.0,25.378288392441277,
2025-09-02,34.0,25.995022864237953,
2025-09-03,24.0,26.58724604258891,
2025-09-04,16.0,24.963246508449373,
2025-09-05,33.0,33.63846238796688,
2025-09-06,28.0,30.004146682315117,
2025-09-07,27.0,30.48437537977769,
2025-09-08,24.0,24.483394306404243,
2025-09-09,23.0,24.622792779502678,
2025-09-10,24.0,23.44126042559614,
2025-09-11,27.0,24.06635015308826,
2025-09-12,53.0,36.52173815385236,
2025-09-13,27.0,31.82567034510469,
2025-09-14,29.0,33.41364736962961,
2025-09-15,28.0,25.533781121322875,
2025-09-16,14.0,24.4316844579418,
2025-09-17,34.0,25.76063567503752,
2025-09-18,25.0,24.69659630911865,
2025-09-19,27.0,32.721944083012524,
2025-09-20,31.0,30.270199189550986,
2025-09-21,43.0,34.12451935835436,
2025-09-22,34.0,26.379668079425752,
2025-09-23,23.0,25.369021093090534,
2025-09-24,30.0,26.159309207392454,
2025-09-25,22.0,25.272503980502776,
2025-09-26,39.0,34.2780818272041,
2025-09-27,35.0,33.2757615995587,
2025-09-28,21.0,32.99916332169147,
2025-09-29,22.0,25.019337553093923,
2025-09-30,24.0,25.285079349207678,
2025-10-01,24.0,25.879250073910715,
2025-10-02,12.0,23.117557597309066,
2025-10-03,36.0,28.296528860285736,
2025-10-04,31.0,28.607605138595975,
2025-10-05,37.0,31.674789109348648,
2025-10-06,19.0,25.385248717778943,
2025-10-07,38.0,26.137374351440148,
2025-10-08,24.0,26.096042580862484,
2025-10-09,20.0,23.966623783555974,
2025-10-10,25.0,30.925996261287587,
2025-10-11,22.0,28.481803978677167,
2025-10-12,40.0,32.45589297235022,
2025-10-13,23.0,24.842277881431382,
2025-10-14,15.0,23.970316357727498,
2025-10-15,31.0,23.542965974523643,
2025-10-16,24.0,23.962872067892484,
2025-10-17,27.0,31.882971694256703,
2025-10-18,20.0,26.717971411656755,
2025-10-19,39.0,30.941847642769577,
2025-10-20,20.0,23.677900745331705,
2025-10-21,26.0,25.09337967472408,
2025-10-22,28.0,25.48576340425293,
2025-10-23,27.0,25.210457466994175,
2025-10-24,27.0,31.21570687730795,
2025-10-25,31.0,30.504706542038353,
2025-10-26,49.0,38.05994266226125,
2025-10-27,28.0,28.089224134481963,
2025-10-28,24.0,24.668717350563043,
2025-10-29,38.0,27.199962811820086,
2025-10-30,33.0,25.965850183211984,
2025-10-31,43.0,38.182466287549445,
2025-11-01,62.0,41.12942706043426,
2025-11-02,37.0,44.04037920413599,
2025-11-03,36.0,28.20810886127043,
2025-11-04,25.0,29.057588474257933,
2025-11-05,22.0,27.53208178309673,
2025-11-06,29.0,28.169139505859945,
2025-11-07,35.0,35.72774248624449,
2025-11-08,26.0,31.993740833551268,
2025-11-09,43.0,35.394510992413785,
2025-11-10,34.0,27.36101226231794,
2025-11-11,20.0,25.920218903600396,
2025-11-12,24.0,25.774986417132403,
2025-11-13,33.0,25.797420853988502,
2025-11-14,35.0,36.47135626057728,
2025-11-15,35.0,32.532361668152056,
2025-11-16,30.0,34.99229951861678,
2025-11-17,24.0,25.479210496917975,
2025-11-18,24.0,26.691288106126315,
2025-11-19,30.0,26.67809141769459,
2025-11-20,34.0,26.197618757117443,
2025-11-21,31.0,35.02871389545712,
2025-11-22,25.0,28.83591711879051,
2025-11-23,32.0,32.1320843270316,
2025-11-24,21.0,25.799657730867985,
2025-11-25,23.0,24.78331487790416,
2025-11-26,22.0,25.89062715048303,
2025-11-27,37.0,25.8223941902918,
2025-11-28,34.0,35.8184197135459,
2025-11-29,29.0,31.145253590339795,
2025-11-30,42.0,36.06704414792869,
2025-12-01,21.0,26.603345652005814,
2025-12-02,24.0,25.14113099406457,
2025-12-03,24.0,26.50703296508458,
2025-12-04,23.0,26.231364842839728,
2025-12-05,34.0,36.49007843334466,
2025-12-06,34.0,30.80637102954688,
2025-12-07,31.0,36.908000391338575,
2025-12-08,25.0,25.543399841601527,
2025-12-09,14.0,25.023546644981508,
2025-12-10,16.0,25.53776347566909,
2025-12-11,13.0,21.922498464344056,
2025-12-12,35.0,32.59813861788166,
2025-12-13,52.0,32.424068900961906,
2025-12-14,33.0,35.927629409925,
2025-12-15,33.0,27.5711816335904,
2025-12-16,47.0,29.37145898634803,
2025-12-17,51.0,41.300087398148996,
2025-12-18,34.0,36.20617431411413,
2025-12-19,50.0,47.769660608589554,
2025-12-20,36.0,41.39284284491999,
2025-12-21,57.0,46.48213745423972,
2025-12-22,46.0,34.88317390931525,
2025-12-23,34.0,39.230645261057816,
2025-12-24,27.0,39.38751539932546,
2025-12-25,48.0,39.753733804077974,
2025-12-26,52.0,52.67966526032415,
2025-12-27,51.0,47.32278673390946,
2025-12-28,49.0,45.63841755217142,
2025-12-29,44.0,34.42450582844534,
2025-12-30,39.0,37.85155102868595,
2025-12-31,37.0,42.08031900183189,
2026-01-01,29.0,37.042081444540365,
2026-01-02,42.0,42.67763628827973,
2026-01-03,41.0,37.476307182486735,
2026-01-04,64.0,49.65774752549379,
2026-01-05,26.0,32.02737212691281,
2026-01-06,25.0,28.095543303252303,
2026-01-07,23.0,26.967326746499836,
2026-01-08,36.0,30.263502887444286,
2026-01-09,36.0,37.42353871645874,
2026-01-10,23.0,30.78228612611273,
2026-01-11,41.0,36.59027847197341,
2026-01-12,12.0,25.082843493864384,
2026-01-13,20.0,24.325401386421646,
2026-01-14,34.0,26.39151705952391,
2026-01-15,22.0,26.109337973952357,
2026-01-16,24.0,30.024192274595283,
2026-01-17,38.0,29.325112224337552,
2026-01-18,37.0,36.544560388401045,
2026-01-19,30.0,26.485396292871158,
2026-01-20,35.0,26.847421834999448,
2026-01-21,20.0,27.361109105351655,
2026-01-22,21.0,25.277287463066497,
2026-01-23,34.0,32.99110300379536,
2026-01-24,27.0,30.6082125423016,
2026-01-25,54.0,38.91732370732876,
2026-01-26,24.0,27.66394325105729,
2026-01-27,35.0,26.722400060268445,
2026-01-28,21.0,25.863298925565818,
2026-01-29,13.0,24.830100374180816,
2026-01-30,28.0,31.859239208347756,
2026-01-31,15.0,24.949905249113115,
2026-02-01,25.0,28.32418543169053,
2026-02-02,21.0,22.100423225267008,
2026-02-03,26.0,19.879368292442706,
2026-02-04,28.0,19.39700969283446,
2026-02-05,12.0,21.53615841582921,
2026-02-06,21.0,23.068441963697797,
2026-02-07,33.0,26.66666832414219,
2026-02-08,45.0,35.70494089978531,
2026-02-09,30.0,25.426856928715782,
2026-02-10,39.0,26.54134733618794,
2026-02-11,18.0,26.549009039273553,
2026-02-12,30.0,24.89745086290687,
2026-02-13,27.0,33.48630308560305,
2026-02-14,22.0,30.690388688190346,
2026-02-15,41.0,34.77803949503756,
2026-02-16,27.0,26.767780051573258,
2026-02-17,23.0,26.135999306712726,
2026-02-18,24.0,25.790329906812666,
2026-02-19,24.0,26.317894613216076,
2026-02-20,37.0,33.2862520493237,
2026-02-21,28.0,29.92378045102162,
2026-02-22,34.0,33.69320858423551,
2026-02-23,25.0,25.931025960753256,
2026-02-24,26.0,26.01757747502679,
2026-02-25,18.0,24.952454413767395,
2026-02-26,32.0,26.30618358335329,
2026-02-27,47.0,36.70870567725455,
2026-02-28,22.0,30.173551672856167,
2026-03-01,37.0,33.14124332100404,
2026-03-02,27.0,25.955724257932363,
2026-03-03,17.0,25.33405399252933,
2026-03-04,34.0,26.42846995631097,
2026-03-05,24.0,26.053597906504024,
2026-03-06,26.0,32.093096139800984,
2026-03-07,26.0,29.569849184690998,
2026-03-08,33.0,33.487538892829896,
2026-03-09,28.0,25.156101093023725,
2026-03-10,31.0,25.924420261159266,
2026-03-11,21.0,26.213118806502383,
2026-03-12,18.0,24.80632741951957,
2026-03-13,39.0,33.81801112740046,
2026-03-14,18.0,29.366384682041947,
2026-03-15,32.0,29.744238276037635,
2026-03-16,21.0,24.62028959657697,
2026-03-17,17.0,23.97654824245426,
2026-03-18,28.0,21.761705336440574,
2026-03-19,34.0,24.50230389175538,
2026-03-20,18.0,31.18240465337119,
2026-03-21,28.0,28.77763409147433,
2026-03-22,26.0,30.232415804664644,
2026-03-23,26.0,25.404801358196597,
2026-03-24,26.0,26.038525081816285,
2026-03-25,28.0,27.286979850836772,
2026-03-26,30.0,26.77172143334914,
2026-03-27,44.0,36.038422331820286,
2026-03-28,37.0,33.36257532952537,
2026-03-29,42.0,35.61943343658266,
2026-03-30,49.0,37.2357285521649,
2026-03-31,42.0,39.50414952419135,
2026-04-01,40.0,34.727763060470444,
2026-04-02,28.0,35.926520107209065,
2026-04-03,70.0,50.70714576879513,
2026-04-04,37.0,45.846397850223646,
2026-04-05,52.0,46.23990512300302,
2026-04-06,22.0,34.252633894868374,
2026-04-07,20.0,25.638207603162886,
2026-04-08,22.0,25.86832051173009,
2026-04-09,27.0,28.95337036573541,
2026-04-10,28.0,32.83442495167649,
2026-04-11,34.0,31.18973834808119,
2026-04-12,25.0,34.16945493970216,
2026-04-13,25.0,24.22211093262749,
2026-04-14,35.0,25.84098671067238,
2026-04-15,27.0,27.15189731195179,
2026-04-16,29.0,25.91213198208452,
2026-04-17,25.0,32.00060302575298,
2026-04-18,26.0,29.981516456234115,
2026-04-19,36.0,34.91211616653883,
2026-04-20,25.0,25.869356609936588,
2026-04-21,22.0,26.105240995143266,
2026-04-22,35.0,27.06581313562407,
2026-04-23,17.0,25.078212563923916,
2026-04-24,33.0,33.14093581347278,
2026-04-25,47.0,33.337438440598675,
2026-04-26,25.0,35.87143523491368,
2026-04-27,32.0,25.931801680513615,
2026-04-28,30.0,26.915469319444714,
2026-04-29,24.0,26.410517651390983,
2026-04-30,34.0,27.02075517205804,
2026-05-01,39.0,38.491233676598306,
2026-05-02,45.0,33.3336277930501,
2026-05-03,34.0,39.97544917263838,
2026-05-04,27.0,27.454032186479136,
2026-05-05,25.0,24.394174026929782,
2026-05-06,27.0,26.46699168765161,
2026-05-07,30.0,26.55151543415305,
2026-05-08,44.0,38.36411703294364,
2026-05-09,48.0,36.87625955792653,
2026-05-10,37.0,43.90259620650296,
2026-05-11,32.0,27.37692341850772,
2026-05-12,45.0,32.40154859742001,
2026-05-13,23.0,35.063113005425244,
2026-05-14,30.0,26.774592340547677,
2026-05-15,45.0,38.55820430456676,
2026-05-16,27.0,32.03365054677193,
2026-05-17,26.0,35.23402566362976,
2026-05-18,26.0,24.72675200392736,
2026-05-19,31.0,27.41630888651597,
2026-05-20,38.0,27.82034056957165,
2026-05-21,12.0,25.22235564051143,
2026-05-22,39.0,35.02040979675357,
2026-05-23,51.0,33.86031327748974,
2026-05-24,39.0,39.60264293968713,
2026-05-25,20.0,25.08244946262084,
2026-05-26,20.0,24.238495767685773,
2026-05-27,33.0,26.338560875586825,
2026-05-28,30.0,26.345523798869504,
2026-05-29,41.0,36.26281247054712,
2026-05-30,34.0,34.3595046965731,
2026-05-31,48.0,38.149871166688655,
2026-06-01,26.0,26.701002548519913,
2026-06-02,13.0,23.842224265830847,
2026-06-03,17.0,24.515060692969563,
2026-06-04,19.0,24.818411902815573,
2026-06-05,34.0,33.050591795689286,
2026-06-06,22.0,30.77542504540005,
2026-06-07,31.0,30.60531898310749,
2026-06-08,18.0,21.208348765235392,
2026-06-09,22.0,20.372772645343296,
2026-06-10,19.0,21.325621570449893,
2026-06-11,28.0,22.39377275756631,
2026-06-12,31.0,30.576122994593863,
2026-06-13,28.0,30.243128901511405,
2026-06-14,20.0,29.90344738076433,
2026-06-15,23.0,21.9356937265135,
2026-06-16,20.0,21.595340779737672,
2026-06-17,21.0,22.631761138959824,
2026-06-18,31.0,22.90135529482519,
2026-06-19,36.0,32.8813594123533,
2026-06-20,39.0,30.83174847474483,
2026-06-21,28.0,35.537055181135656,
2026-06-22,24.0,24.532164498177437,
2026-06-23,30.0,24.75197526691393,
2026-06-24,27.0,26.178642089241773,
2026-06-25,33.0,26.062964126275435,
2026-06-26,35.0,35.56211783146069,
2026-06-27,30.0,31.970114924234796,
2026-06-28,48.0,36.6405941713808,
2026-06-29,25.0,26.976075949299872,
2026-06-30,25.0,24.31967477180452,
2026-07-01,18.0,24.486107638968775,
2026-07-02,30.0,25.673109666900633,
2026-07-03,26.0,34.06830799385965,
2026-07-04,27.0,29.944932445694874,
2026-07-05,28.0,34.350993654628375,
2026-07-06,18.0,23.196478820690178,
2026-07-07,23.0,21.842693561154622,
2026-07-08,23.0,24.42763164187239,
2026-07-09,29.0,23.026072548232413,
2026-07-10,52.0,35.7894841774097,
2026-07-11,34.0,33.92700262868875,
2026-07-12,39.0,36.58106601482108,
2026-07-13,21.0,24.678956923639344,
2026-07-14,20.0,23.38413190097493,
2026-07-15,8.0,24.489952052171784,
2026-07-16,26.0,24.72725719198585,
2026-07-17,31.0,33.269667033756186,
2026-07-18,29.0,30.91781284592656,
2026-07-19,20.0,28.426347905912145,
2026-07-20,41.0,25.303074857421123,
2026-07-21,19.0,24.66808784320002,
2026-07-22,22.0,24.21087554350618,
2026-07-23,25.0,26.076448664631528,
2026-07-24,41.0,33.2760870977346,
2026-07-25,31.0,28.990336844640662,4.063873619701657
2026-07-26,,,35.1772559924804
2026-07-27,,,25.848095281525428
2026-07-28,,,24.745209383579542
2026-07-29,,,24.832943471097536
2026-07-30,,,24.808040746687546
2026-07-31,,,33.85909944514356
2026-08-01,,,32.10982306669139
2026-08-02,,,35.12821664734569
2026-08-03,,,25.23249683852757
2026-08-04,,,23.6358470498387
2026-08-05,,,23.86720058717908
2026-08-06,,,23.601452776088557
2026-08-07,,,32.10024511632326
2026-08-08,,,31.409794830394766
2026-08-09,,,35.585156298382444
2026-08-10,,,24.149394084430593
2026-08-11,,,23.62728063295753
2026-08-12,,,23.85980881013186
2026-08-13,,,23.347109924579176
2026-08-14,,,31.61757840664826
2026-08-15,,,30.963071920922026
2026-08-16,,,35.742628863191435
2026-08-17,,,23.9971682343805
2026-08-18,,,23.610480223883112
2026-08-19,,,23.843008401057446
2026-08-20,,,23.323690669034278
2026-08-21,,,31.82320768301505
2026-08-22,,,30.983189958655068
2026-08-23,,,35.75657547800488
2026-08-24,,,21.170246507899932
