Model,Target,MAE,MSE,RMSE,MAPE,sMAPE,WMAPE,Poisson_Deviance,MASE,RMSSE,R2,Adjusted_R2,_mape_coverage_pct,Train_R2,Val_R2,Gap
Poisson GLM,incident_count,0.885,1.2964,1.1384,35.3706,89.8512,71.3055,1.1917,0.8014,0.7526,0.028,0.0248,69.8402,0.0775,0.028,0.0495
Negative Binomial GLM,incident_count,0.8852,1.2965,1.1385,35.3901,89.8538,71.3169,1.1918,0.8015,0.7527,0.0279,0.0247,69.8402,0.0774,0.0279,0.0495
Random Forest,incident_count,0.8848,1.2851,1.1335,35.023,89.1279,71.2856,1.1831,0.8012,0.7493,0.0364,0.0333,69.8402,0.1725,0.0364,0.136
XGBoost,incident_count,0.8824,1.2818,1.132,34.851,89.1166,71.0928,1.1807,0.799,0.7484,0.0389,0.0357,69.8402,0.132,0.0389,0.0932
SARIMAX,incident_count,1.0883,2.1092,1.441,70.088,142.1419,87.7675,18.2981,0.9037,0.8995,-0.591,-0.5937,69.8402,0.0285,-0.591,0.6194
LSTM,incident_count,0.891,1.285,1.1334,35.387,89.0746,71.7852,1.183,0.8068,0.7492,0.0366,0.0334,69.8402,0.0915,0.0366,0.0549
GRU,incident_count,0.8917,1.2865,1.1341,35.6009,89.1899,71.8356,1.1843,0.8073,0.7497,0.0354,0.0322,69.8402,0.0878,0.0354,0.0524
GWR,incident_count_daily_per_2km_segment,0.9708,1.7567,1.3254,50.5302,109.5425,68.4068,1.2422,0.8898,0.8162,0.2417,0.2415,63.733,0.2264,0.2417,-0.0153
Spatial LSTM,incident_count_daily_per_2km_segment,0.9153,1.5546,1.2468,52.3009,105.9003,64.5044,1.0821,0.5969,0.6062,0.3288,0.3244,63.733,0.3555,0.3288,0.0267
